company_id,기업명,홈페이지,소재지역,대표제품,서비스,분야,소분야,기술,제품 형태,투자 유치 단계 (최근),투자 유치 금액 (최근),임직원 수,1개월전 대비 임직원 수,특허 수,투자자 분류,인증/자격,투자 유치일 (최근),투자 유치 금액 (누적),업력
1,홀리데이로보틱스,https://holiday-robotics.com/,서울특별시,휴머노이드로봇,제조업 분야에서 부품 조립에 활용할 수 있는 휴머노이드로봇,제조/3D프린터,로봇,로봇,하드웨어 / 개발중,Series A,1550억원,69,+9,NULL,"벤처캐피탈 / 15개사, 기업벤처캐피탈 / 2개사, 사모투자회사 / 2개사, 은행 / 2개사",해당 없음,2026-04-24,1725억원,2.6년차
2,로볼루션,https://www.rovolution.co.kr/,서울특별시,산업용로봇,산업용 기계 로봇,제조/3D프린터,로봇,로봇,기계 / 운영,Pre-A,20억원,43,-2,2,"기업벤처캐피탈 / 1개사, 액셀러레이터 / 1개사",해당 없음,2025-12-30,20억원,2.1년차
3,인덱스로보틱스,https://index-robotics.com/,경기도,INDEX01,고정밀 구동기 기술을 기반으로 산업 현장 적용을 목표로 한 상체 휴머노이드로봇,제조/3D프린터,로봇,로봇,하드웨어 / 개발중,Seed,15억원,7,0,NULL,"액셀러레이터 / 2개사, 벤처캐피탈 / 1개사",해당 없음,2026-02-20,15억원,1.6년차
4,모빈,https://www.mobinn.co.kr/,대구광역시,자율배달 로봇,장애물극복 자율주행 물류로봇,물류/유통,로봇,로봇,하드웨어 / 개발중,Seed,7억원,19,0,23,"벤처캐피탈 / 1개사, 인큐베이터 / 1개사",🤖 팁스(TIPS) 딥테크 트랙 / 💡 CES 혁신상 수상,2023-05-31,7억원,3.8년차
5,리보틱스,https://riibotics.io/,경기도,자율 로봇 지게차,자율 로봇 지게차 솔루션,물류/유통,로봇,로봇,기계 / 개발중,Seed,5억원,12,+1,16,"액셀러레이터 / 2개사, 인큐베이터 / 1개사",🤖 팁스(TIPS) 딥테크 트랙,2024-06-25,5억원,2.7년차
6,고레로보틱스,https://golerobotics.com/,서울특별시,야간양중,자율주행로봇을 활용한 건설현장 건설자재 새벽배송 서비스,건설/교통,자재/부품,로봇,물류서비스 / 개발중,Pre-A,57억원,31,+3,7,"벤처캐피탈 / 3개사, 액셀러레이터 / 2개사, 인큐베이터 / 1개사, 은행 / 1개사",🤖 팁스(TIPS) 딥테크 트랙 / 💡 CES 혁신상 수상,2024-12-17,69억원,3.1년차
7,티라로보틱스,https://www.thirarobotics.com/,경기도,티라봇,이송용 로봇,물류/유통,로봇,로봇,하드웨어 / 운영,Series A,120억원,87,-2,26,"벤처캐피탈 / 3개사, 기업벤처캐피탈 / 2개사, 인큐베이터 / 1개사",🧬 스케일업 팁스(TIPS),2023-12-05,175억원,4.8년차
8,로아이,https://roai.im/,서울특별시,셀로,제조 공정 기획 및 로봇 제어 자동화 솔루션,제조/3D프린터,로봇,로봇,소프트웨어 / 운영,Series A,130억원,27,+2,5,"액셀러레이터 / 5개사, 기업벤처캐피탈 / 5개사, 인큐베이터 / 1개사, 벤처캐피탈 / 1개사",🤖 팁스(TIPS) 딥테크 트랙,2026-04-30,147억원,1.7년차
9,서울다이나믹스,https://www.seouldynamics.com/,경기도,SD-ATT,5G 원격 및 자율주행 모빌리티로봇,물류/유통,로봇,로봇,하드웨어 / 개발중,Series A,55억원,14,-2,27,"벤처캐피탈 / 4개사, 액셀러레이터 / 4개사, 기업벤처캐피탈 / 2개사, 대기업/중견기업 / 1개사, 인큐베이터 / 1개사",🤖 팁스(TIPS) 딥테크 트랙,2026-07-09,81억원,4.3년차
10,로드러너,https://www.k-loadrunner.com/,경기도,물류 자동화 로봇,자율주행 물류 소형 로봇 (AMR),물류/유통,로봇,로봇,하드웨어 / 운영,Series A,25억원,33,+2,1,중소기업 / 1개사,해당 없음,2026-02-25,25억원,4.8년차
11,에스이노베이션스,https://s-innovations.co/,대구광역시,AMR 솔루션,제조기업의 생산성 향상을 위한 자율이동로봇 솔루션 제공,제조/3D프린터,로봇,로봇,소프트웨어 / 운영,Seed,14억원,9,-1,1,"벤처캐피탈 / 3개사, 금융회사 / 1개사, 인큐베이터 / 1개사",🧪 팁스(TIPS) 일반 트랙,2025-06-05,14억원,2.4년차
12,아그모,https://www.agmo.farm/,전북특별자치도,아그모 솔루션,농기계 자율주행 솔루션,농산업,기계,로봇,하드웨어 / 운영,Pre-A,15억원,21,+1,3,"액셀러레이터 / 1개사, 대기업/중견기업 / 1개사, 인큐베이터 / 1개사",🧪 팁스(TIPS) 일반 트랙,2023-12-07,19억원,4.2년차
13,나비프라,https://www.navifra.com/kor/,서울특별시,나비코어,물류로봇용 고정밀 자율주행 소프트웨어,자동차,기술지원,인공지능,소프트웨어 / 운영,Series A,NULL,94,+7,35,"액셀러레이터 / 2개사, 인큐베이터 / 2개사, 벤처캐피탈 / 1개사, 기업벤처캐피탈 / 1개사",🧪 팁스(TIPS) 일반 트랙 / 🧬 스케일업 팁스(TIPS),2024-03-01,20억원,4.8년차
14,리얼월드,https://www.rlwrld.ai/en,서울특별시,피지컬 AI 모델,산업용로봇을 위한 AI 파운데이션 모델,제조/3D프린터,로봇,인공지능,소프트웨어 / 개발중,Seed,390억원,96,+12,NULL,"대기업/중견기업 / 8개사, 벤처캐피탈 / 5개사, 기업벤처캐피탈 / 4개사, 금융회사 / 1개사",해당 없음,2026-02-26,600억원,2.2년차
15,테파로보틱스,https://www.tefarobotics.com/,서울특별시,TLS,로우코드 로봇 자동화 솔루션,제조/3D프린터,로봇,로봇,소프트웨어 / 개발중,Pre-A,20억원,7,+1,4,"액셀러레이터 / 2개사, 인큐베이터 / 1개사, 벤처캐피탈 / 1개사, 금융회사 / 1개사",🤖 팁스(TIPS) 딥테크 트랙,2025-08-05,23억원,3.5년차
16,지오로봇,http://www.ziorobot.com,대구광역시,모듈형 이동로봇,단순이동이나 제한적인 협동을 극복 하도록 유닛을 조합한 다기능 이동로봇,물류/유통,로봇,로봇,하드웨어 / 개발중,Pre-A,2억원,28,+3,9,"액셀러레이터 / 3개사, 인큐베이터 / 2개사, 벤처캐피탈 / 2개사, 금융회사 / 1개사",🧪 팁스(TIPS) 일반 트랙 / 🧬 스케일업 팁스(TIPS),2025-05-01,38억원,4.4년차
17,카본식스,https://www.carbon6robotics.com/,노스캐롤라이나주,피지컬 AI 모델,산업용로봇을 위한 AI 파운데이션 모델,제조/3D프린터,로봇,인공지능,소프트웨어 / 개발중,Series A,600억원,NULL,NULL,9,"벤처캐피탈 / 14개사, 기업벤처캐피탈 / 1개사, 은행 / 1개사",해당 없음,2026-06-05,660억원,2.2년차
18,코라스로보틱스,https://korasrobotics.com/,서울특별시,협동로봇시스템,"툴링 시스템, 중력보상장치, 토크센서 기술 기반 협동로봇시스템",제조/3D프린터,로봇,로봇,공정/설비 / 개발중,Series A,35억원,27,-1,14,"액셀러레이터 / 2개사, 인큐베이터 / 1개사, 기업벤처캐피탈 / 1개사, 벤처캐피탈 / 1개사, 은행 / 1개사",🧪 팁스(TIPS) 일반 트랙,2024-12-23,35억원,4.3년차
19,모티프드라이브,https://motifdrive.com/,충청남도,자율주행차 소프트웨어,자율주행 AI가 판단을 잘할 수 있게 해주는 소프트웨어,자동차,기술지원,인공지능,소프트웨어 / 개발중,Pre-A,65억원,30,+3,2,"액셀러레이터 / 3개사, 기업벤처캐피탈 / 2개사, 인큐베이터 / 1개사, 벤처캐피탈 / 1개사",🧪 팁스(TIPS) 글로벌 트랙,2026-09-21,65억원,2.2년차
20,디스펙터,https://www.dspecter.com/,경기도,4족보행 로봇 소프트웨어,4족 보행 로봇에 탑재가능한 센서 및 AI알고리즘을 개발,제조/3D프린터,로봇,로봇,소프트웨어 / 개발중,Pre-A,8억원,15,+1,2,"액셀러레이터 / 3개사, 인큐베이터 / 1개사",🤖 팁스(TIPS) 딥테크 트랙,2024-05-08,13억원,4.3년차
21,리보디스,https://www.rebodis.com/,서울특별시,지능형 의복,인체의 보행 메커니즘에 맞춰 설계된 웨어러블 로봇,헬스케어,보조기구,로봇,하드웨어 / 개발중,Seed,5억원,6,0,NULL,벤처캐피탈 / 1개사,해당 없음,2026-01-07,5억원,1.3년차
22,메타파머스,https://metafarmers.ai/,전북특별자치도,메타파머,비전센서 기반 방울토마토용 작물 수확 로봇,농산업,재배/양식,로봇,하드웨어 / 개발중,Pre-A,30억원,19,0,7,"액셀러레이터 / 2개사, 벤처캐피탈 / 2개사, 인큐베이터 / 1개사, 기업벤처캐피탈 / 1개사",🧪 팁스(TIPS) 일반 트랙 / 💡 CES 혁신상 수상,2025-08-12,32억원,4.1년차
23,라이온로보틱스,https://raionrobotics.com/,대전광역시,라이보,"강화학습 기반 감시, 경계, 재난구조, 탐사용 사족 보행 로봇",건설/교통,안전관리,로봇,기계 / 개발중,Series A,230억원,53,+3,1,"기업벤처캐피탈 / 2개사, 액셀러레이터 / 2개사, 벤처캐피탈 / 2개사, 인큐베이터 / 1개사, 금융회사 / 1개사, 은행 / 1개사",🤖 팁스(TIPS) 딥테크 트랙,2025-09-16,242억원,3년차
24,쿳션,https://www.cutshion.com/,서울특별시,피오노이드,동일한 로봇 API로 제조사에 상관없이 로봇을 제어하기 위한 플랫폼,제조/3D프린터,로봇,로봇,API/SDK / 운영,Seed,5억원,23,+2,1,"액셀러레이터 / 1개사, 벤처캐피탈 / 1개사, 인큐베이터 / 1개사",🧪 팁스(TIPS) 글로벌 트랙,2025-08-18,5억원,4.3년차
25,유로보틱스,https://urobotics.ai/,대전광역시,로봇보행 소프트웨어,범용 로봇 이동·공간지능 소프트웨어,제조/3D프린터,로봇,로봇,소프트웨어 / 개발중,Seed,30억원,16,+3,2,"기업벤처캐피탈 / 2개사, 액셀러레이터 / 1개사, 인큐베이터 / 1개사",🤖 팁스(TIPS) 딥테크 트랙,2025-05-09,30억원,2.2년차
26,컨피그인텔리전스,https://config.inc/,캘리포니아주,피지컬 AI 모델,로봇이 두 팔을 활용해 실제 작업을 학습하고 수행할 수 있도록 돕는 데이터 인프라와 파운데이션 모델,제조/3D프린터,로봇,인공지능,소프트웨어 / 개발중,Seed,400억원,16,+3,NULL,"기업벤처캐피탈 / 7개사, 벤처캐피탈 / 3개사, 액셀러레이터 / 1개사, 인큐베이터 / 1개사, 대기업/중견기업 / 1개사, 은행 / 1개사",🤖 팁스(TIPS) 딥테크 트랙,2026-05-12,512억원,2.1년차
27,딥퓨전에이아이,https://www.deep-fusion.com/ko/,경상북도,4D 이미징 레이더 애플리케이션,4D 이미지 레이더 애플리케이션,자동차,기술지원,인공지능,소프트웨어 / 개발중,Series A,38억원,30,+2,3,"액셀러레이터 / 4개사, 인큐베이터 / 1개사, 은행 / 1개사, 금융회사 / 1개사",🧪 팁스(TIPS) 일반 트랙,2026-09-09,42억원,4.7년차
28,로웨인,https://rowain.com/,충청남도,인텔리팜,로봇 수직농장 시스템,농산업,재배/양식,로봇,공정/설비 / 개발중,Pre-A,9억원,14,-1,13,"액셀러레이터 / 2개사, 벤처캐피탈 / 1개사, 인큐베이터 / 1개사, 금융회사 / 1개사, 협회/재단 / 1개사",🧪 팁스(TIPS) 일반 트랙,2025-04-16,19억원,4년차
29,비저너리,https://www.visionary.run/,충청남도,PRISM,자율주행 성능 개선을 위한 데이터 가공/학습/검증 솔루션,자동차,데이터가공,인공지능,웹사이트 / 운영,Seed,8억원,12,+5,NULL,액셀러레이터 / 1개사,해당 없음,2026-05-13,8억원,1.3년차
30,리옵스,https://www.liops.ai/,경상남도,LSM,라이다 기반 산업 현장 공간지능 AI 모델,제조/3D프린터,로봇,인공지능,소프트웨어 / 운영,Series A,40억원,8,-1,2,"벤처캐피탈 / 5개사, 액셀러레이터 / 1개사, 인큐베이터 / 1개사",🧪 팁스(TIPS) 글로벌 트랙,2026-09-23,48억원,3.4년차
